[
    {
        "N. Pedido": 1,
        "Fecha": "2024-06-03T00:00:00.000",
        "Producto": "Sacos industriales",
        "Ctd": 20,
        "Precio. U": 1.51,
        "Precio": 30.2,
        "Dto": 0,
        "Importe": 30.2,
        "Importe IVA": 36.542,
        "IVA": 21
    },
    {
        "N. Pedido": 1,
        "Fecha": "2024-06-03T00:00:00.000",
        "Producto": "Bolsas basura peque\u00f1as",
        "Ctd": 30,
        "Precio. U": 1.13,
        "Precio": 33.9,
        "Dto": 0,
        "Importe": 33.9,
        "Importe IVA": 41.019,
        "IVA": 21
    },
    {
        "N. Pedido": 1,
        "Fecha": "2024-06-03T00:00:00.000",
        "Producto": "Fardos de papel wc industrial",
        "Ctd": 10,
        "Precio. U": 25.67,
        "Precio": 256.7,
        "Dto": 0,
        "Importe": 256.7,
        "Importe IVA": 310.607,
        "IVA": 21
    },
    {
        "N. Pedido": 1,
        "Fecha": "2024-06-03T00:00:00.000",
        "Producto": "Fardos papel secamanos mecha",
        "Ctd": 5,
        "Precio. U": 18.25,
        "Precio": 91.25,
        "Dto": 0,
        "Importe": 91.25,
        "Importe IVA": 110.4125,
        "IVA": 21
    },
    {
        "N. Pedido": 1,
        "Fecha": "2024-06-03T00:00:00.000",
        "Producto": "Garrafas jab\u00f3n manos 5L",
        "Ctd": 3,
        "Precio. U": 8.5,
        "Precio": 25.5,
        "Dto": 0,
        "Importe": 25.5,
        "Importe IVA": 30.855,
        "IVA": 21
    },
    {
        "N. Pedido": 1,
        "Fecha": "2024-06-20T00:00:00.000",
        "Producto": "Fardos papel secamanos",
        "Ctd": 10,
        "Precio. U": 18.25,
        "Precio": 182.5,
        "Dto": 0,
        "Importe": 182.5,
        "Importe IVA": 220.825,
        "IVA": 21
    }
]