[
    {
        "Statistical Period": "2025-01-01T00:00:00.000",
        "Total String Capacity (kWp)": 30.94,
        "Global Irradiation (kWh/\u33a1)": null,
        "Theoretical Yield (kWh)": null,
        "PV Yield (kWh)": 42.56,
        " Inverter Yield (kWh)": 42.56,
        "Total Yield (kWh)": "71.087.22",
        "Export (kWh)": 2.62,
        "Import (kWh)": 117.53,
        "Specific Energy (kWh/kWp)": 1.38,
        "Loss Due to Export Limitation (kWh)": null,
        "Loss Due to Export Limitation(\u20ac)": null,
        "Consumption (kWh)": 157.47,
        "Self-consumption (kWh)": 39.94,
        "Self-consumption Rate (%)": 93.84,
        "Peak Power (kW)": 9.22,
        "Performance Ratio(%)": null,
        "CO\u2082 Avoided (t)": 0.02,
        "Standard Coal Saved (t)": 0.02,
        "Charge (kWh)": null,
        "Discharge (kWh)": null,
        "Revenue (\u20ac)": 0.31
    },
    {
        "Statistical Period": "2025-01-02T00:00:00.000",
        "Total String Capacity (kWp)": 30.94,
        "Global Irradiation (kWh/\u33a1)": null,
        "Theoretical Yield (kWh)": null,
        "PV Yield (kWh)": 48.86,
        " Inverter Yield (kWh)": 48.86,
        "Total Yield (kWh)": "71.136.08",
        "Export (kWh)": 3.43,
        "Import (kWh)": 114.12,
        "Specific Energy (kWh/kWp)": 1.58,
        "Loss Due to Export Limitation (kWh)": null,
        "Loss Due to Export Limitation(\u20ac)": null,
        "Consumption (kWh)": 159.55,
        "Self-consumption (kWh)": 45.43,
        "Self-consumption Rate (%)": 92.98,
        "Peak Power (kW)": 11.24,
        "Performance Ratio(%)": null,
        "CO\u2082 Avoided (t)": 0.02,
        "Standard Coal Saved (t)": 0.02,
        "Charge (kWh)": null,
        "Discharge (kWh)": null,
        "Revenue (\u20ac)": 0.42
    },
    {
        "Statistical Period": "2025-01-03T00:00:00.000",
        "Total String Capacity (kWp)": 30.94,
        "Global Irradiation (kWh/\u33a1)": null,
        "Theoretical Yield (kWh)": null,
        "PV Yield (kWh)": 36.48,
        " Inverter Yield (kWh)": 36.48,
        "Total Yield (kWh)": "71.172.56",
        "Export (kWh)": 0.22,
        "Import (kWh)": 153.24,
        "Specific Energy (kWh/kWp)": 1.18,
        "Loss Due to Export Limitation (kWh)": null,
        "Loss Due to Export Limitation(\u20ac)": null,
        "Consumption (kWh)": 189.5,
        "Self-consumption (kWh)": 36.26,
        "Self-consumption Rate (%)": 99.4,
        "Peak Power (kW)": 10.22,
        "Performance Ratio(%)": null,
        "CO\u2082 Avoided (t)": 0.02,
        "Standard Coal Saved (t)": 0.02,
        "Charge (kWh)": null,
        "Discharge (kWh)": null,
        "Revenue (\u20ac)": 0.02
    },
    {
        "Statistical Period": "2025-01-04T00:00:00.000",
        "Total String Capacity (kWp)": 30.94,
        "Global Irradiation (kWh/\u33a1)": null,
        "Theoretical Yield (kWh)": null,
        "PV Yield (kWh)": 44.18,
        " Inverter Yield (kWh)": 44.18,
        "Total Yield (kWh)": "71.216.74",
        "Export (kWh)": 0.43,
        "Import (kWh)": 158.01,
        "Specific Energy (kWh/kWp)": 1.43,
        "Loss Due to Export Limitation (kWh)": null,
        "Loss Due to Export Limitation(\u20ac)": null,
        "Consumption (kWh)": 201.76,
        "Self-consumption (kWh)": 43.75,
        "Self-consumption Rate (%)": 99.03,
        "Peak Power (kW)": 11.22,
        "Performance Ratio(%)": null,
        "CO\u2082 Avoided (t)": 0.02,
        "Standard Coal Saved (t)": 0.02,
        "Charge (kWh)": null,
        "Discharge (kWh)": null,
        "Revenue (\u20ac)": 0.05
    },
    {
        "Statistical Period": "2025-01-05T00:00:00.000",
        "Total String Capacity (kWp)": 30.94,
        "Global Irradiation (kWh/\u33a1)": null,
        "Theoretical Yield (kWh)": null,
        "PV Yield (kWh)": 41.99,
        " Inverter Yield (kWh)": 41.99,
        "Total Yield (kWh)": "71.258.73",
        "Export (kWh)": 0.14,
        "Import (kWh)": 157.64,
        "Specific Energy (kWh/kWp)": 1.36,
        "Loss Due to Export Limitation (kWh)": null,
        "Loss Due to Export Limitation(\u20ac)": null,
        "Consumption (kWh)": 199.49,
        "Self-consumption (kWh)": 41.85,
        "Self-consumption Rate (%)": 99.67,
        "Peak Power (kW)": 10.11,
        "Performance Ratio(%)": null,
        "CO\u2082 Avoided (t)": 0.02,
        "Standard Coal Saved (t)": 0.02,
        "Charge (kWh)": null,
        "Discharge (kWh)": null,
        "Revenue (\u20ac)": 0.02
    },
    {
        "Statistical Period": "2025-01-06T00:00:00.000",
        "Total String Capacity (kWp)": 30.94,
        "Global Irradiation (kWh/\u33a1)": null,
        "Theoretical Yield (kWh)": null,
        "PV Yield (kWh)": 40.55,
        " Inverter Yield (kWh)": 40.55,
        "Total Yield (kWh)": "71.299.28",
        "Export (kWh)": 2.63,
        "Import (kWh)": 153.63,
        "Specific Energy (kWh/kWp)": 1.31,
        "Loss Due to Export Limitation (kWh)": null,
        "Loss Due to Export Limitation(\u20ac)": null,
        "Consumption (kWh)": 191.55,
        "Self-consumption (kWh)": 37.92,
        "Self-consumption Rate (%)": 93.51,
        "Peak Power (kW)": 11.53,
        "Performance Ratio(%)": null,
        "CO\u2082 Avoided (t)": 0.02,
        "Standard Coal Saved (t)": 0.02,
        "Charge (kWh)": null,
        "Discharge (kWh)": null,
        "Revenue (\u20ac)": 0.31
    },
    {
        "Statistical Period": "2025-01-07T00:00:00.000",
        "Total String Capacity (kWp)": 30.94,
        "Global Irradiation (kWh/\u33a1)": null,
        "Theoretical Yield (kWh)": null,
        "PV Yield (kWh)": 53.26,
        " Inverter Yield (kWh)": 53.26,
        "Total Yield (kWh)": "71.352.54",
        "Export (kWh)": 1.9,
        "Import (kWh)": 148.83,
        "Specific Energy (kWh/kWp)": 1.72,
        "Loss Due to Export Limitation (kWh)": null,
        "Loss Due to Export Limitation(\u20ac)": null,
        "Consumption (kWh)": 200.19,
        "Self-consumption (kWh)": 51.36,
        "Self-consumption Rate (%)": 96.43,
        "Peak Power (kW)": 10.1,
        "Performance Ratio(%)": null,
        "CO\u2082 Avoided (t)": 0.03,
        "Standard Coal Saved (t)": 0.02,
        "Charge (kWh)": null,
        "Discharge (kWh)": null,
        "Revenue (\u20ac)": 0.23
    },
    {
        "Statistical Period": "2025-01-08T00:00:00.000",
        "Total String Capacity (kWp)": 30.94,
        "Global Irradiation (kWh/\u33a1)": null,
        "Theoretical Yield (kWh)": null,
        "PV Yield (kWh)": 47.81,
        " Inverter Yield (kWh)": 47.81,
        "Total Yield (kWh)": "71.400.35",
        "Export (kWh)": 0.0,
        "Import (kWh)": 419.79,
        "Specific Energy (kWh/kWp)": 1.55,
        "Loss Due to Export Limitation (kWh)": null,
        "Loss Due to Export Limitation(\u20ac)": null,
        "Consumption (kWh)": 467.6,
        "Self-consumption (kWh)": 47.81,
        "Self-consumption Rate (%)": 100.0,
        "Peak Power (kW)": 11.61,
        "Performance Ratio(%)": null,
        "CO\u2082 Avoided (t)": 0.02,
        "Standard Coal Saved (t)": 0.02,
        "Charge (kWh)": null,
        "Discharge (kWh)": null,
        "Revenue (\u20ac)": 0.0
    },
    {
        "Statistical Period": "2025-01-09T00:00:00.000",
        "Total String Capacity (kWp)": 30.94,
        "Global Irradiation (kWh/\u33a1)": null,
        "Theoretical Yield (kWh)": null,
        "PV Yield (kWh)": 52.03,
        " Inverter Yield (kWh)": 52.03,
        "Total Yield (kWh)": "71.452.38",
        "Export (kWh)": 0.0,
        "Import (kWh)": 409.75,
        "Specific Energy (kWh/kWp)": 1.68,
        "Loss Due to Export Limitation (kWh)": null,
        "Loss Due to Export Limitation(\u20ac)": null,
        "Consumption (kWh)": 461.78,
        "Self-consumption (kWh)": 52.03,
        "Self-consumption Rate (%)": 100.0,
        "Peak Power (kW)": 9.79,
        "Performance Ratio(%)": null,
        "CO\u2082 Avoided (t)": 0.03,
        "Standard Coal Saved (t)": 0.02,
        "Charge (kWh)": null,
        "Discharge (kWh)": null,
        "Revenue (\u20ac)": 0.0
    },
    {
        "Statistical Period": "2025-01-10T00:00:00.000",
        "Total String Capacity (kWp)": 30.94,
        "Global Irradiation (kWh/\u33a1)": null,
        "Theoretical Yield (kWh)": null,
        "PV Yield (kWh)": 49.33,
        " Inverter Yield (kWh)": 49.33,
        "Total Yield (kWh)": "71.501.71",
        "Export (kWh)": 0.0,
        "Import (kWh)": 376.64,
        "Specific Energy (kWh/kWp)": 1.59,
        "Loss Due to Export Limitation (kWh)": null,
        "Loss Due to Export Limitation(\u20ac)": null,
        "Consumption (kWh)": 425.97,
        "Self-consumption (kWh)": 49.33,
        "Self-consumption Rate (%)": 100.0,
        "Peak Power (kW)": 9.57,
        "Performance Ratio(%)": null,
        "CO\u2082 Avoided (t)": 0.02,
        "Standard Coal Saved (t)": 0.02,
        "Charge (kWh)": null,
        "Discharge (kWh)": null,
        "Revenue (\u20ac)": 0.0
    },
    {
        "Statistical Period": "2025-01-11T00:00:00.000",
        "Total String Capacity (kWp)": 30.94,
        "Global Irradiation (kWh/\u33a1)": null,
        "Theoretical Yield (kWh)": null,
        "PV Yield (kWh)": 40.03,
        " Inverter Yield (kWh)": 40.03,
        "Total Yield (kWh)": "71.541.74",
        "Export (kWh)": 1.49,
        "Import (kWh)": 162.86,
        "Specific Energy (kWh/kWp)": 1.29,
        "Loss Due to Export Limitation (kWh)": null,
        "Loss Due to Export Limitation(\u20ac)": null,
        "Consumption (kWh)": 201.4,
        "Self-consumption (kWh)": 38.54,
        "Self-consumption Rate (%)": 96.28,
        "Peak Power (kW)": 11.9,
        "Performance Ratio(%)": null,
        "CO\u2082 Avoided (t)": 0.02,
        "Standard Coal Saved (t)": 0.02,
        "Charge (kWh)": null,
        "Discharge (kWh)": null,
        "Revenue (\u20ac)": 0.18
    },
    {
        "Statistical Period": "2025-01-12T00:00:00.000",
        "Total String Capacity (kWp)": 30.94,
        "Global Irradiation (kWh/\u33a1)": null,
        "Theoretical Yield (kWh)": null,
        "PV Yield (kWh)": 57.0,
        " Inverter Yield (kWh)": 57.0,
        "Total Yield (kWh)": "71.598.74",
        "Export (kWh)": 1.87,
        "Import (kWh)": 159.58,
        "Specific Energy (kWh/kWp)": 1.84,
        "Loss Due to Export Limitation (kWh)": null,
        "Loss Due to Export Limitation(\u20ac)": null,
        "Consumption (kWh)": 214.71,
        "Self-consumption (kWh)": 55.13,
        "Self-consumption Rate (%)": 96.72,
        "Peak Power (kW)": 10.56,
        "Performance Ratio(%)": null,
        "CO\u2082 Avoided (t)": 0.03,
        "Standard Coal Saved (t)": 0.02,
        "Charge (kWh)": null,
        "Discharge (kWh)": null,
        "Revenue (\u20ac)": 0.22
    },
    {
        "Statistical Period": "2025-01-13T00:00:00.000",
        "Total String Capacity (kWp)": 30.94,
        "Global Irradiation (kWh/\u33a1)": null,
        "Theoretical Yield (kWh)": null,
        "PV Yield (kWh)": 55.89,
        " Inverter Yield (kWh)": 55.89,
        "Total Yield (kWh)": "71.654.63",
        "Export (kWh)": 0.0,
        "Import (kWh)": 435.11,
        "Specific Energy (kWh/kWp)": 1.81,
        "Loss Due to Export Limitation (kWh)": null,
        "Loss Due to Export Limitation(\u20ac)": null,
        "Consumption (kWh)": 491.0,
        "Self-consumption (kWh)": 55.89,
        "Self-consumption Rate (%)": 100.0,
        "Peak Power (kW)": 10.46,
        "Performance Ratio(%)": null,
        "CO\u2082 Avoided (t)": 0.03,
        "Standard Coal Saved (t)": 0.02,
        "Charge (kWh)": null,
        "Discharge (kWh)": null,
        "Revenue (\u20ac)": 0.0
    },
    {
        "Statistical Period": "2025-01-14T00:00:00.000",
        "Total String Capacity (kWp)": 30.94,
        "Global Irradiation (kWh/\u33a1)": null,
        "Theoretical Yield (kWh)": null,
        "PV Yield (kWh)": 57.49,
        " Inverter Yield (kWh)": 57.49,
        "Total Yield (kWh)": "71.712.12",
        "Export (kWh)": 0.0,
        "Import (kWh)": 426.8,
        "Specific Energy (kWh/kWp)": 1.86,
        "Loss Due to Export Limitation (kWh)": null,
        "Loss Due to Export Limitation(\u20ac)": null,
        "Consumption (kWh)": 484.29,
        "Self-consumption (kWh)": 57.49,
        "Self-consumption Rate (%)": 100.0,
        "Peak Power (kW)": 10.64,
        "Performance Ratio(%)": null,
        "CO\u2082 Avoided (t)": 0.03,
        "Standard Coal Saved (t)": 0.02,
        "Charge (kWh)": null,
        "Discharge (kWh)": null,
        "Revenue (\u20ac)": 0.0
    },
    {
        "Statistical Period": "2025-01-15T00:00:00.000",
        "Total String Capacity (kWp)": 30.94,
        "Global Irradiation (kWh/\u33a1)": null,
        "Theoretical Yield (kWh)": null,
        "PV Yield (kWh)": 55.58,
        " Inverter Yield (kWh)": 55.58,
        "Total Yield (kWh)": "71.767.70",
        "Export (kWh)": 0.0,
        "Import (kWh)": 424.17,
        "Specific Energy (kWh/kWp)": 1.8,
        "Loss Due to Export Limitation (kWh)": null,
        "Loss Due to Export Limitation(\u20ac)": null,
        "Consumption (kWh)": 479.75,
        "Self-consumption (kWh)": 55.58,
        "Self-consumption Rate (%)": 100.0,
        "Peak Power (kW)": 10.99,
        "Performance Ratio(%)": null,
        "CO\u2082 Avoided (t)": 0.03,
        "Standard Coal Saved (t)": 0.02,
        "Charge (kWh)": null,
        "Discharge (kWh)": null,
        "Revenue (\u20ac)": 0.0
    },
    {
        "Statistical Period": "2025-01-16T00:00:00.000",
        "Total String Capacity (kWp)": 30.94,
        "Global Irradiation (kWh/\u33a1)": null,
        "Theoretical Yield (kWh)": null,
        "PV Yield (kWh)": 40.94,
        " Inverter Yield (kWh)": 40.94,
        "Total Yield (kWh)": "71.808.64",
        "Export (kWh)": 0.0,
        "Import (kWh)": 449.86,
        "Specific Energy (kWh/kWp)": 1.32,
        "Loss Due to Export Limitation (kWh)": null,
        "Loss Due to Export Limitation(\u20ac)": null,
        "Consumption (kWh)": 490.8,
        "Self-consumption (kWh)": 40.94,
        "Self-consumption Rate (%)": 100.0,
        "Peak Power (kW)": 11.54,
        "Performance Ratio(%)": null,
        "CO\u2082 Avoided (t)": 0.02,
        "Standard Coal Saved (t)": 0.02,
        "Charge (kWh)": null,
        "Discharge (kWh)": null,
        "Revenue (\u20ac)": 0.0
    },
    {
        "Statistical Period": "2025-01-17T00:00:00.000",
        "Total String Capacity (kWp)": 30.94,
        "Global Irradiation (kWh/\u33a1)": null,
        "Theoretical Yield (kWh)": null,
        "PV Yield (kWh)": 52.9,
        " Inverter Yield (kWh)": 52.9,
        "Total Yield (kWh)": "71.861.54",
        "Export (kWh)": 0.0,
        "Import (kWh)": 377.78,
        "Specific Energy (kWh/kWp)": 1.71,
        "Loss Due to Export Limitation (kWh)": null,
        "Loss Due to Export Limitation(\u20ac)": null,
        "Consumption (kWh)": 430.68,
        "Self-consumption (kWh)": 52.9,
        "Self-consumption Rate (%)": 100.0,
        "Peak Power (kW)": 13.94,
        "Performance Ratio(%)": null,
        "CO\u2082 Avoided (t)": 0.03,
        "Standard Coal Saved (t)": 0.02,
        "Charge (kWh)": null,
        "Discharge (kWh)": null,
        "Revenue (\u20ac)": 0.0
    },
    {
        "Statistical Period": "2025-01-18T00:00:00.000",
        "Total String Capacity (kWp)": 30.94,
        "Global Irradiation (kWh/\u33a1)": null,
        "Theoretical Yield (kWh)": null,
        "PV Yield (kWh)": 56.17,
        " Inverter Yield (kWh)": 56.17,
        "Total Yield (kWh)": "71.917.71",
        "Export (kWh)": 3.17,
        "Import (kWh)": 145.59,
        "Specific Energy (kWh/kWp)": 1.82,
        "Loss Due to Export Limitation (kWh)": null,
        "Loss Due to Export Limitation(\u20ac)": null,
        "Consumption (kWh)": 198.59,
        "Self-consumption (kWh)": 53.0,
        "Self-consumption Rate (%)": 94.36,
        "Peak Power (kW)": 11.6,
        "Performance Ratio(%)": null,
        "CO\u2082 Avoided (t)": 0.03,
        "Standard Coal Saved (t)": 0.02,
        "Charge (kWh)": null,
        "Discharge (kWh)": null,
        "Revenue (\u20ac)": 0.38
    },
    {
        "Statistical Period": "2025-01-19T00:00:00.000",
        "Total String Capacity (kWp)": 30.94,
        "Global Irradiation (kWh/\u33a1)": null,
        "Theoretical Yield (kWh)": null,
        "PV Yield (kWh)": 35.53,
        " Inverter Yield (kWh)": 35.53,
        "Total Yield (kWh)": "71.953.24",
        "Export (kWh)": 0.2,
        "Import (kWh)": 166.83,
        "Specific Energy (kWh/kWp)": 1.15,
        "Loss Due to Export Limitation (kWh)": null,
        "Loss Due to Export Limitation(\u20ac)": null,
        "Consumption (kWh)": 202.16,
        "Self-consumption (kWh)": 35.33,
        "Self-consumption Rate (%)": 99.44,
        "Peak Power (kW)": 9.93,
        "Performance Ratio(%)": null,
        "CO\u2082 Avoided (t)": 0.02,
        "Standard Coal Saved (t)": 0.01,
        "Charge (kWh)": null,
        "Discharge (kWh)": null,
        "Revenue (\u20ac)": 0.02
    },
    {
        "Statistical Period": "2025-01-20T00:00:00.000",
        "Total String Capacity (kWp)": 30.94,
        "Global Irradiation (kWh/\u33a1)": null,
        "Theoretical Yield (kWh)": null,
        "PV Yield (kWh)": 32.0,
        " Inverter Yield (kWh)": 32.0,
        "Total Yield (kWh)": "71.985.24",
        "Export (kWh)": 0.0,
        "Import (kWh)": 456.39,
        "Specific Energy (kWh/kWp)": 1.03,
        "Loss Due to Export Limitation (kWh)": null,
        "Loss Due to Export Limitation(\u20ac)": null,
        "Consumption (kWh)": 488.39,
        "Self-consumption (kWh)": 32.0,
        "Self-consumption Rate (%)": 100.0,
        "Peak Power (kW)": 12.03,
        "Performance Ratio(%)": null,
        "CO\u2082 Avoided (t)": 0.02,
        "Standard Coal Saved (t)": 0.01,
        "Charge (kWh)": null,
        "Discharge (kWh)": null,
        "Revenue (\u20ac)": 0.0
    },
    {
        "Statistical Period": "2025-01-21T00:00:00.000",
        "Total String Capacity (kWp)": 30.94,
        "Global Irradiation (kWh/\u33a1)": null,
        "Theoretical Yield (kWh)": null,
        "PV Yield (kWh)": 30.24,
        " Inverter Yield (kWh)": 30.24,
        "Total Yield (kWh)": "72.015.48",
        "Export (kWh)": 0.0,
        "Import (kWh)": 470.1,
        "Specific Energy (kWh/kWp)": 0.98,
        "Loss Due to Export Limitation (kWh)": null,
        "Loss Due to Export Limitation(\u20ac)": null,
        "Consumption (kWh)": 500.34,
        "Self-consumption (kWh)": 30.24,
        "Self-consumption Rate (%)": 100.0,
        "Peak Power (kW)": 9.84,
        "Performance Ratio(%)": null,
        "CO\u2082 Avoided (t)": 0.01,
        "Standard Coal Saved (t)": 0.01,
        "Charge (kWh)": null,
        "Discharge (kWh)": null,
        "Revenue (\u20ac)": 0.0
    },
    {
        "Statistical Period": "2025-01-22T00:00:00.000",
        "Total String Capacity (kWp)": 30.94,
        "Global Irradiation (kWh/\u33a1)": null,
        "Theoretical Yield (kWh)": null,
        "PV Yield (kWh)": 5.87,
        " Inverter Yield (kWh)": 5.87,
        "Total Yield (kWh)": "72.021.35",
        "Export (kWh)": 0.0,
        "Import (kWh)": 159.68,
        "Specific Energy (kWh/kWp)": 0.19,
        "Loss Due to Export Limitation (kWh)": null,
        "Loss Due to Export Limitation(\u20ac)": null,
        "Consumption (kWh)": 165.55,
        "Self-consumption (kWh)": 5.87,
        "Self-consumption Rate (%)": 100.0,
        "Peak Power (kW)": 6.76,
        "Performance Ratio(%)": null,
        "CO\u2082 Avoided (t)": 0.0,
        "Standard Coal Saved (t)": 0.0,
        "Charge (kWh)": null,
        "Discharge (kWh)": null,
        "Revenue (\u20ac)": 0.0
    }
]

