[
    {
        "N. Pedido": 155455792,
        "Fecha": "2024-04-22T00:00:00.000",
        "Producto": "500H PAPEL NAVIGATOR UNIVERSAL A4 80G",
        "Ctd": 15,
        "Precio. U": 5.34,
        "Precio": 80.1,
        "Dto": 0,
        "Importe": 80.1,
        "Importe IVA": 96.921,
        "IVA": 21,
        "Category": "Office Material",
        "Descripción": null
    },
    {
        "N. Pedido": 155455792,
        "Fecha": "2024-04-22T00:00:00.000",
        "Producto": "PK10 RECAMBIOS BORRADOR FAIBO",
        "Ctd": 1,
        "Precio. U": 5.6,
        "Precio": 5.6,
        "Dto": 0,
        "Importe": 5.6,
        "Importe IVA": 6.776,
        "IVA": 21,
        "Category": "Office Material",
        "Descripción": null
    },
    {
        "N. Pedido": 155455792,
        "Fecha": "2024-04-22T00:00:00.000",
        "Producto": "BORRADOR NO MAGNETICO FAIBO PLAST GRIS",
        "Ctd": 6,
        "Precio. U": 6.83,
        "Precio": 40.98,
        "Dto": 0,
        "Importe": 40.98,
        "Importe IVA": 49.5858,
        "IVA": 21,
        "Category": "Office Material",
        "Descripción": null
    },
    {
        "N. Pedido": 155720360,
        "Fecha": "2024-05-07T00:00:00.000",
        "Producto": "MARCADOR PIZ BCA PILOT BEGREEN 2.3MM AZL",
        "Ctd": 30,
        "Precio. U": 0.89,
        "Precio": 26.7,
        "Dto": 0,
        "Importe": 26.7,
        "Importe IVA": 32.307,
        "IVA": 21,
        "Category": "Office Material",
        "Descripción": null
    },
    {
        "N. Pedido": 155720360,
        "Fecha": "2024-05-07T00:00:00.000",
        "Producto": "MARCADOR PIZ BCA PILOT BEGREEN 2.3MM NGO",
        "Ctd": 30,
        "Precio. U": 0.89,
        "Precio": 26.7,
        "Dto": 0,
        "Importe": 26.7,
        "Importe IVA": 32.307,
        "IVA": 21,
        "Category": "Office Material",
        "Descripción": null
    },
    {
        "N. Pedido": 155720360,
        "Fecha": "2024-05-07T00:00:00.000",
        "Producto": "MARCADOR PIZ BCA PILOT BEGREEN 2.3MM RJO",
        "Ctd": 30,
        "Precio. U": 0.89,
        "Precio": 26.7,
        "Dto": 0,
        "Importe": 26.7,
        "Importe IVA": 32.307,
        "IVA": 21,
        "Category": "Office Material",
        "Descripción": null
    },
    {
        "N. Pedido": 155720360,
        "Fecha": "2024-05-07T00:00:00.000",
        "Producto": "MARCADOR PIZ BCA PILOT BEGREEN 2.3MM VERDE",
        "Ctd": 25,
        "Precio. U": 0.89,
        "Precio": 22.25,
        "Dto": 0,
        "Importe": 22.25,
        "Importe IVA": 26.9225,
        "IVA": 21,
        "Category": "Office Material",
        "Descripción": null
    {
        "N. Pedido": 4,
        "Fecha": "2024-05-23T00:00:00.000",
        "Producto": "COMPRA DE MATERIALS",
        "Ctd": 1,
        "Precio. U": 119.8,
        "Precio": 119.8,
        "Dto": 0,
        "Importe": 119.8,
        "Importe IVA": 144.958,
        "IVA": 21,
        "Category": "Services",
        "Descripción": "caixa connexions"
    },
    {
        "N. Pedido": 4,
        "Fecha": "2024-05-23T00:00:00.000",
        "Producto": "SERVEIS EXTRAORDINARIS",
        "Ctd": 1,
        "Precio. U": 1986.0,
        "Precio": 1986.0,
        "Dto": 0,
        "Importe": 1986,
        "Importe IVA": 2403.06,
        "IVA": 21,
        "Category": "Services",
        "Descripción": "ELIMINAR CIRCUITS OBSOLETS QGP .NOU OGP MANTENIMENT 8+8 INRTERRUPTORS AMB CONTROL LUMINIC 16 MODULS. DIF. I TERMIC TRIF. DIF I TERMIC MONOFASIC MUNTATS SOBRE NOU ARMARI AMB ESTAI DE RESERVA POSADA EN MARXA I COMPROVACIONS."
    },
    {
        "N. Pedido": 4,
        "Fecha": "2024-05-27T00:00:00.000",
        "Producto": "SERVICIOS JARDINERIA",
        "Ctd": 1,
        "Precio. U": 668.8,
        "Precio": 668.8,
        "Dto": 0,
        "Importe": 668.8,
        "Importe IVA": 809.248,
        "IVA": 21,
        "Category": "Services",
        "Descripción": "Limpieza jardin. patios i entrada (20/04/2024)"
    },
    {
        "N. Pedido": 4,
        "Fecha": "2024-05-28T00:00:00.000",
        "Producto": "SERVICIOS TRANSPORTE",
        "Ctd": 1,
        "Precio. U": 208.6,
        "Precio": 208.6,
        "Dto": 0,
        "Importe": 208.6,
        "Importe IVA": 252.406,
        "IVA": 21,
        "Category": "Services",
        "Descripción": "Transporte y deixalleria"
    },
    {
        "N. Pedido": 4,
        "Fecha": "2024-05-29T00:00:00.000",
        "Producto": "BOLSA DE HORAS ESPECIALISTAS LICITACION",
        "Ctd": 30,
        "Precio. U": 16.72,
        "Precio": 501.6,
        "Dto": 200,
        "Importe": "-501.6",
        "Importe IVA": "-501.6",
        "IVA": 0,
        "Category": "Services",
        "Descripción": "Devolucion 30h de servició limpieza"
    },
    {
        "N. Pedido": 1,
        "Fecha": "2024-06-03T00:00:00.000",
        "Producto": "Garrafas jabón manos 5L",
        "Ctd": 3,
        "Precio. U": 8.5,
        "Precio": 25.5,
        "Dto": 0,
        "Importe": 25.5,
        "Importe IVA": 30.855,
        "IVA": 21,
        "Category": "Cleaning Products",
        "Descripción": null
    },
    {
        "N. Pedido": 1,
        "Fecha": "2024-06-03T00:00:00.000",
        "Producto": "Fardos papel secamanos mecha",
        "Ctd": 5,
        "Precio. U": 18.25,
        "Precio": 91.25,
        "Dto": 0,
        "Importe": 91.25,
        "Importe IVA": 110.4125,
        "IVA": 21,
        "Category": "Cleaning Products",
        "Descripción": null
    },
    {
        "N. Pedido": 1,
        "Fecha": "2024-06-03T00:00:00.000",
        "Producto": "Fardos de papel wc industrial",
        "Ctd": 10,
        "Precio. U": 25.67,
        "Precio": 256.7,
        "Dto": 0,
        "Importe": 256.7,
        "Importe IVA": 310.607,
        "IVA": 21,
        "Category": "Cleaning Products",
        "Descripción": null
    },
    {
        "N. Pedido": 1,
        "Fecha": "2024-06-03T00:00:00.000",
        "Producto": "Bolsas basura pequeñas",
        "Ctd": 30,
        "Precio. U": 1.13,
        "Precio": 33.9,
        "Dto": 0,
        "Importe": 33.9,
        "Importe IVA": 41.019,
        "IVA": 21,
        "Category": "Cleaning Products",
        "Descripción": null
    },
    {
        "N. Pedido": 1,
        "Fecha": "2024-06-03T00:00:00.000",
        "Producto": "Sacos industriales",
        "Ctd": 20,
        "Precio. U": 1.51,
        "Precio": 30.2,
        "Dto": 0,
        "Importe": 30.2,
        "Importe IVA": 36.542,
        "IVA": 21,
        "Category": "Cleaning Products",
        "Descripción": null
    },
    {
        "N. Pedido": 1165616098,
        "Fecha": "2024-06-04T00:00:00.000",
        "Producto": "RECAMBIO MARCADOR PIZARRA BLANCA AZUL",
        "Ctd": 30,
        "Precio. U": 0.71,
        "Precio": 21.3,
        "Dto": 0,
        "Importe": 21.3,
        "Importe IVA": 25.773,
        "IVA": 21,
        "Category": "Office Material",
        "Descripción": null
    },
    {
        "N. Pedido": 1165616098,
        "Fecha": "2024-06-04T00:00:00.000",
        "Producto": "500H PAPEL NAVIGATOR UNIVERSAL A4 80G",
        "Ctd": 30,
        "Precio. U": 5.34,
        "Precio": 160.2,
        "Dto": 0,
        "Importe": 160.2,
        "Importe IVA": 193.842,
        "IVA": 21,
        "Category": "Office Material",
        "Descripción": null
    },
    {
        "N. Pedido": 1165616098,
        "Fecha": "2024-06-04T00:00:00.000",
        "Producto": "RECAMBIO MARCADOR PIZARRA BLANCA VERDE",
        "Ctd": 30,
        "Precio. U": 0.91,
        "Precio": 27.3,
        "Dto": 0,
        "Importe": 27.3,
        "Importe IVA": 33.033,
        "IVA": 21,
        "Category": "Office Material",
        "Descripción": null
    },
    {
        "N. Pedido": 156226177,
        "Fecha": "2024-06-19T00:00:00.000",
        "Producto": "RECAMBIO MARCADOR PIZARRA BLANCA NEGRO",
        "Ctd": 40,
        "Precio. U": 0.71,
        "Precio": 28.4,
        "Dto": 0,
        "Importe": 28.4,
        "Importe IVA": 34.364,
        "IVA": 21,
        "Category": "Office Material",
        "Descripción": null
    },
    {
        "N. Pedido": 1166081577,
        "Fecha": "2024-06-19T00:00:00.000",
        "Producto": "RECAMBIO MARCADOR PIZARRA BLANCA NEGRO",
        "Ctd": 40,
        "Precio. U": 0.71,
        "Precio": 28.4,
        "Dto": 0,
        "Importe": 28.4,
        "Importe IVA": 34.364,
        "IVA": 21,
        "Category": "Office Material",
        "Descripción": null
    },
    {
        "N. Pedido": 1,
        "Fecha": "2024-06-20T00:00:00.000",
        "Producto": "Fardos papel secamanos",
        "Ctd": 10,
        "Precio. U": 18.25,
        "Precio": 182.5,
        "Dto": 0,
        "Importe": 182.5,
        "Importe IVA": 220.825,
        "IVA": 21,
        "Category": "Cleaning Products",
        "Descripción": null
    },
    {
        "N. Pedido": 3,
        "Fecha": "2024-07-05T00:00:00.000",
        "Producto": "SERVEIS D'URGÈNCIA",
        "Ctd": 1,
        "Precio. U": 288.0,
        "Precio": 288.0,
        "Dto": 0,
        "Importe": 288,
        "Importe IVA": 348.48,
        "IVA": 21,
        "Category": "Services",
        "Descripción": "REPARACIÓ D'URGENCIA D'AACC.\nCOMPRESSOR 400W + SONDA TEMPERATURA + NETEJA DE FILTRES I BESCANVIADOR DE CALOR DE LA UNITAT EXTERIOR\n\nTEMPS DE TREBALL. DESPLAÇAMENTS I SUBMINISTRAMENTS INCLOSOS.\n\nDATA 4/7"
    },
    {
        "N. Pedido": 2,
        "Fecha": "2024-09-13T00:00:00.000",
        "Producto": "COMPRA DE MATERIALS",
        "Ctd": 1,
        "Precio. U": 132.93,
        "Precio": 132.93,
        "Dto": 0,
        "Importe": 132.93,
        "Importe IVA": 160.8453,
        "IVA": 21,
        "Category": "Services",
        "Descripción": "TUB 60MM 2.2MM GRUIX 6M\nPLETINES 5MM 100X 100MM PERFORADES\nTALLS I TORNILLERIA"
    },
    {
        "N. Pedido": 2,
        "Fecha": "2024-09-13T00:00:00.000",
        "Producto": "SERVEIS EXTRAORDINARIS",
        "Ctd": 1,
        "Precio. U": 575.0,
        "Precio": 575.0,
        "Dto": 0,
        "Importe": 575,
        "Importe IVA": 695.75,
        "IVA": 21,
        "Category": "Services",
        "Descripción": "TREBALLS EN FERRO I FUSTA SOL·LICITATS PER DIRECCIÓ (PORTES I BARANES MALMESES). REALITZATZ ENTRE EL DIA 5/9 I EL 9/9 PER PART DE DOS OFICIALS ESPECIALITZATS."
    },
    {
        "N. Pedido": 3,
        "Fecha": "2024-09-13T00:00:00.000",
        "Producto": "COMPRA DE MATERIALS",
        "Ctd": 1,
        "Precio. U": 129.24,
        "Precio": 129.24,
        "Dto": 0,
        "Importe": 129.24,
        "Importe IVA": 156.3804,
        "IVA": 21,
        "Category": "Services",
        "Descripción": "COMPRA MATERIALS FUSTA:\nTAPETES\nBATENTS\nDM'S\nJUNQUILLOS ESPECIFICS\nMONTA-KIT (2)\nTORNILLERIA"
    },
    {
        "N. Pedido": 1168472787,
        "Fecha": "2024-10-16T00:00:00.000",
        "Producto": "500H PAPEL NAVIGATOR UNIVERSAL A4 80G",
        "Ctd": 20,
        "Precio. U": 5.47,
        "Precio": 109.4,
        "Dto": 0,
        "Importe": 109.4,
        "Importe IVA": 132.374,
        "IVA": 21,
        "Category": "Office Material",
        "Descripción": null
    },
    {
        "N. Pedido": 1168836126,
        "Fecha": "2024-11-07T00:00:00.000",
        "Producto": "500H PAPEL NAVIGATOR UNIVERSAL A4 80G",
        "Ctd": 10,
        "Precio. U": 5.47,
        "Precio": 54.7,
        "Dto": 0,
        "Importe": 54.7,
        "Importe IVA": 66.187,
        "IVA": 21,
        "Category": "Office Material",
        "Descripción": null
    }
]