[
    {
        "N. Pedido": 155455792,
        "Fecha": "2024-04-22T00:00:00.000",
        "Producto": "PK10 RECAMBIOS BORRADOR FAIBO",
        "Ctd": 1,
        "Precio. U": 5.6,
        "Precio": 5.6,
        "Dto": 0,
        "Importe": 5.6,
        "Importe IVA": 6.776,
        "IVA": 21
    },
    {
        "N. Pedido": 155455792,
        "Fecha": "2024-04-22T00:00:00.000",
        "Producto": "BORRADOR NO MAGNETICO FAIBO PLAST GRIS",
        "Ctd": 6,
        "Precio. U": 6.83,
        "Precio": 40.98,
        "Dto": 0,
        "Importe": 40.98,
        "Importe IVA": 49.5858,
        "IVA": 21
    },
    {
        "N. Pedido": 155455792,
        "Fecha": "2024-04-22T00:00:00.000",
        "Producto": "500H PAPEL NAVIGATOR UNIVERSAL A4 80G",
        "Ctd": 15,
        "Precio. U": 5.34,
        "Precio": 80.1,
        "Dto": 0,
        "Importe": 80.1,
        "Importe IVA": 96.921,
        "IVA": 21
    },
    {
        "N. Pedido": 155720360,
        "Fecha": "2024-05-07T00:00:00.000",
        "Producto": "MARCADOR PIZ BCA PILOT BEGREEN 2.3MM VERDE",
        "Ctd": 25,
        "Precio. U": 0.89,
        "Precio": 22.25,
        "Dto": 0,
        "Importe": 22.25,
        "Importe IVA": 26.9225,
        "IVA": 21
    },
    {
        "N. Pedido": 155720360,
        "Fecha": "2024-05-07T00:00:00.000",
        "Producto": "MARCADOR PIZ BCA PILOT BEGREEN 2.3MM RJO",
        "Ctd": 30,
        "Precio. U": 0.89,
        "Precio": 26.7,
        "Dto": 0,
        "Importe": 26.7,
        "Importe IVA": 32.307,
        "IVA": 21
    },
    {
        "N. Pedido": 155720360,
        "Fecha": "2024-05-07T00:00:00.000",
        "Producto": "MARCADOR PIZ BCA PILOT BEGREEN 2.3MM NGO",
        "Ctd": 30,
        "Precio. U": 0.89,
        "Precio": 26.7,
        "Dto": 0,
        "Importe": 26.7,
        "Importe IVA": 32.307,
        "IVA": 21
    },
    {
        "N. Pedido": 155720360,
        "Fecha": "2024-05-07T00:00:00.000",
        "Producto": "MARCADOR PIZ BCA PILOT BEGREEN 2.3MM AZL",
        "Ctd": 30,
        "Precio. U": 0.89,
        "Precio": 26.7,
        "Dto": 0,
        "Importe": 26.7,
        "Importe IVA": 32.307,
        "IVA": 21
    },
    {
        "N. Pedido": 1165616098,
        "Fecha": "2024-06-04T00:00:00.000",
        "Producto": "RECAMBIO MARCADOR PIZARRA BLANCA VERDE",
        "Ctd": 30,
        "Precio. U": 0.91,
        "Precio": 27.3,
        "Dto": 0,
        "Importe": 27.3,
        "Importe IVA": 33.033,
        "IVA": 21
    },
    {
        "N. Pedido": 1165616098,
        "Fecha": "2024-06-04T00:00:00.000",
        "Producto": "RECAMBIO MARCADOR PIZARRA BLANCA AZUL",
        "Ctd": 30,
        "Precio. U": 0.71,
        "Precio": 21.3,
        "Dto": 0,
        "Importe": 21.3,
        "Importe IVA": 25.773,
        "IVA": 21
    },
    {
        "N. Pedido": 1165616098,
        "Fecha": "2024-06-04T00:00:00.000",
        "Producto": "500H PAPEL NAVIGATOR UNIVERSAL A4 80G",
        "Ctd": 30,
        "Precio. U": 5.34,
        "Precio": 160.2,
        "Dto": 0,
        "Importe": 160.2,
        "Importe IVA": 193.842,
        "IVA": 21
    },
    {
        "N. Pedido": 156226177,
        "Fecha": "2024-06-19T00:00:00.000",
        "Producto": "RECAMBIO MARCADOR PIZARRA BLANCA NEGRO",
        "Ctd": 40,
        "Precio. U": 0.71,
        "Precio": 28.4,
        "Dto": 0,
        "Importe": 28.4,
        "Importe IVA": 34.364,
        "IVA": 21
    },
    {
        "N. Pedido": 1166081577,
        "Fecha": "2024-06-19T00:00:00.000",
        "Producto": "RECAMBIO MARCADOR PIZARRA BLANCA NEGRO",
        "Ctd": 40,
        "Precio. U": 0.71,
        "Precio": 28.4,
        "Dto": 0,
        "Importe": 28.4,
        "Importe IVA": 34.364,
        "IVA": 21
    },
    {
        "N. Pedido": 1168472787,
        "Fecha": "2024-10-16T00:00:00.000",
        "Producto": "500H PAPEL NAVIGATOR UNIVERSAL A4 80G",
        "Ctd": 20,
        "Precio. U": 5.47,
        "Precio": 109.4,
        "Dto": 0,
        "Importe": 109.4,
        "Importe IVA": 132.374,
        "IVA": 21
    },
    {
        "N. Pedido": 1168836126,
        "Fecha": "2024-11-07T00:00:00.000",
        "Producto": "500H PAPEL NAVIGATOR UNIVERSAL A4 80G",
        "Ctd": 10,
        "Precio. U": 5.47,
        "Precio": 54.7,
        "Dto": 0,
        "Importe": 54.7,
        "Importe IVA": 66.187,
        "IVA": 21
    }
]