[
    {
        "N. Pedido": 4,
        "Fecha": "2024-05-23T00:00:00.000",
        "Producto": "SERVEIS EXTRAORDINARIS",
        "Descripci\u00f3n": "ELIMINAR CIRCUITS OBSOLETS QGP .NOU OGP MANTENIMENT 8+8 INRTERRUPTORS AMB CONTROL LUMINIC 16 MODULS. DIF. I TERMIC TRIF. DIF I TERMIC MONOFASIC MUNTATS SOBRE NOU ARMARI AMB ESTAI DE RESERVA POSADA EN MARXA I COMPROVACIONS.",
        "Ctd": 1,
        "Precio. U": 1986,
        "Precio": 1986,
        "Dto": 0,
        "Importe": 1986,
        "Importe IVA": 2403.06,
        "IVA": 21
    },
    {
        "N. Pedido": 4,
        "Fecha": "2024-05-23T00:00:00.000",
        "Producto": "COMPRA DE MATERIALS",
        "Descripci\u00f3n": "caixa connexions",
        "Ctd": 1,
        "Precio. U": 119.8,
        "Precio": 119.8,
        "Dto": 0,
        "Importe": 119.8,
        "Importe IVA": 144.958,
        "IVA": 21
    },
    {
        "N. Pedido": 4,
        "Fecha": "2024-05-27T00:00:00.000",
        "Producto": "SERVICIOS JARDINERIA",
        "Descripci\u00f3n": "Limpieza jardin. patios i entrada (20/04/2024)",
        "Ctd": 1,
        "Precio. U": 668.8,
        "Precio": 668.8,
        "Dto": 0,
        "Importe": 668.8,
        "Importe IVA": 809.248,
        "IVA": 21
    },
    {
        "N. Pedido": 4,
        "Fecha": "2024-05-28T00:00:00.000",
        "Producto": "SERVICIOS TRANSPORTE",
        "Descripci\u00f3n": "Transporte y deixalleria",
        "Ctd": 1,
        "Precio. U": 208.6,
        "Precio": 208.6,
        "Dto": 0,
        "Importe": 208.6,
        "Importe IVA": 252.406,
        "IVA": 21
    },
    {
        "N. Pedido": 4,
        "Fecha": "2024-05-29T00:00:00.000",
        "Producto": "BOLSA DE HORAS ESPECIALISTAS LICITACION",
        "Descripci\u00f3n": "Devolucion 30h de servici\u00f3 limpieza",
        "Ctd": 30,
        "Precio. U": 16.72,
        "Precio": 501.6,
        "Dto": 200,
        "Importe": "-501.6",
        "Importe IVA": "-501.6",
        "IVA": 0
    },
    {
        "N. Pedido": 3,
        "Fecha": "2024-07-05T00:00:00.000",
        "Producto": "SERVEIS D'URG\u00c8NCIA",
        "Descripci\u00f3n": "REPARACI\u00d3 D'URGENCIA D'AACC.\nCOMPRESSOR 400W + SONDA TEMPERATURA + NETEJA DE FILTRES I BESCANVIADOR DE CALOR DE LA UNITAT EXTERIOR\n\nTEMPS DE TREBALL. DESPLA\u00c7AMENTS I SUBMINISTRAMENTS INCLOSOS.\n\nDATA 4/7",
        "Ctd": 1,
        "Precio. U": 288,
        "Precio": 288,
        "Dto": 0,
        "Importe": 288,
        "Importe IVA": 348.48,
        "IVA": 21
    },
    {
        "N. Pedido": 2,
        "Fecha": "2024-09-13T00:00:00.000",
        "Producto": "SERVEIS EXTRAORDINARIS",
        "Descripci\u00f3n": "TREBALLS EN FERRO I FUSTA SOL\u00b7LICITATS PER DIRECCI\u00d3 (PORTES I BARANES MALMESES). REALITZATZ ENTRE EL DIA 5/9 I EL 9/9 PER PART DE DOS OFICIALS ESPECIALITZATS.",
        "Ctd": 1,
        "Precio. U": 575,
        "Precio": 575,
        "Dto": 0,
        "Importe": 575,
        "Importe IVA": 695.75,
        "IVA": 21
    },
    {
        "N. Pedido": 2,
        "Fecha": "2024-09-13T00:00:00.000",
        "Producto": "COMPRA DE MATERIALS",
        "Descripci\u00f3n": "TUB 60MM 2.2MM GRUIX 6M\nPLETINES 5MM 100X 100MM PERFORADES\nTALLS I TORNILLERIA",
        "Ctd": 1,
        "Precio. U": 132.93,
        "Precio": 132.93,
        "Dto": 0,
        "Importe": 132.93,
        "Importe IVA": 160.8453,
        "IVA": 21
    },
    {
        "N. Pedido": 3,
        "Fecha": "2024-09-13T00:00:00.000",
        "Producto": "COMPRA DE MATERIALS",
        "Descripci\u00f3n": "COMPRA MATERIALS FUSTA:\nTAPETES\nBATENTS\nDM'S\nJUNQUILLOS ESPECIFICS\nMONTA-KIT (2)\nTORNILLERIA",
        "Ctd": 1,
        "Precio. U": 129.24,
        "Precio": 129.24,
        "Dto": 0,
        "Importe": 129.24,
        "Importe IVA": 156.3804,
        "IVA": 21
    }
]