[
    {
        "CONSUM": 188,
        "FechaHora": "2024-02-25T00:00:00.000"
    },
    {
        "CONSUM": 192,
        "FechaHora": "2024-02-25T01:00:00.000"
    },
    {
        "CONSUM": 192,
        "FechaHora": "2024-02-25T02:00:00.000"
    },
    {
        "CONSUM": 193,
        "FechaHora": "2024-02-25T03:00:00.000"
    },
    {
        "CONSUM": 194,
        "FechaHora": "2024-02-25T04:00:00.000"
    },
    {
        "CONSUM": 195,
        "FechaHora": "2024-02-25T05:00:00.000"
    },
    {
        "CONSUM": 201,
        "FechaHora": "2024-02-25T06:00:00.000"
    },
    {
        "CONSUM": 202,
        "FechaHora": "2024-02-25T07:00:00.000"
    },
    {
        "CONSUM": 202,
        "FechaHora": "2024-02-25T08:00:00.000"
    },
    {
        "CONSUM": 215,
        "FechaHora": "2024-02-25T09:00:00.000"
    },
    {
        "CONSUM": 214,
        "FechaHora": "2024-02-25T10:00:00.000"
    },
    {
        "CONSUM": 218,
        "FechaHora": "2024-02-25T11:00:00.000"
    },
    {
        "CONSUM": 206,
        "FechaHora": "2024-02-25T12:00:00.000"
    },
    {
        "CONSUM": 218,
        "FechaHora": "2024-02-25T13:00:00.000"
    },
    {
        "CONSUM": 255,
        "FechaHora": "2024-02-25T14:00:00.000"
    },
    {
        "CONSUM": 302,
        "FechaHora": "2024-02-25T15:00:00.000"
    },
    {
        "CONSUM": 200,
        "FechaHora": "2024-02-25T16:00:00.000"
    },
    {
        "CONSUM": 192,
        "FechaHora": "2024-02-25T17:00:00.000"
    },
    {
        "CONSUM": 180,
        "FechaHora": "2024-02-25T18:00:00.000"
    },
    {
        "CONSUM": 180,
        "FechaHora": "2024-02-25T19:00:00.000"
    },
    {
        "CONSUM": 179,
        "FechaHora": "2024-02-25T20:00:00.000"
    },
    {
        "CONSUM": 182,
        "FechaHora": "2024-02-25T21:00:00.000"
    },
    {
        "CONSUM": 183,
        "FechaHora": "2024-02-25T22:00:00.000"
    },
    {
        "CONSUM": 255,
        "FechaHora": "2024-02-25T23:00:00.000"
    },
    {
        "CONSUM": 202,
        "FechaHora": "2024-02-28T00:00:00.000"
    },
    {
        "CONSUM": 154,
        "FechaHora": "2024-02-28T01:00:00.000"
    },
    {
        "CONSUM": 154,
        "FechaHora": "2024-02-28T01:59:00.000"
    },
    {
        "CONSUM": 154,
        "FechaHora": "2024-02-28T02:59:00.000"
    },
    {
        "CONSUM": 154,
        "FechaHora": "2024-02-28T03:59:00.000"
    },
    {
        "CONSUM": 155,
        "FechaHora": "2024-02-28T04:59:00.000"
    },
    {
        "CONSUM": 157,
        "FechaHora": "2024-02-28T05:59:00.000"
    },
    {
        "CONSUM": 155,
        "FechaHora": "2024-02-28T06:59:00.000"
    },
    {
        "CONSUM": 280,
        "FechaHora": "2024-02-28T07:59:00.000"
    },
    {
        "CONSUM": 280,
        "FechaHora": "2024-02-28T09:00:00.000"
    },
    {
        "CONSUM": 450,
        "FechaHora": "2024-02-28T10:00:00.000"
    },
    {
        "CONSUM": 430,
        "FechaHora": "2024-02-28T11:00:00.000"
    },
    {
        "CONSUM": 390,
        "FechaHora": "2024-02-28T12:00:00.000"
    },
    {
        "CONSUM": 470,
        "FechaHora": "2024-02-28T13:00:00.000"
    },
    {
        "CONSUM": 510,
        "FechaHora": "2024-02-28T14:00:00.000"
    },
    {
        "CONSUM": 440,
        "FechaHora": "2024-02-28T15:00:00.000"
    },
    {
        "CONSUM": 400,
        "FechaHora": "2024-02-28T16:00:00.000"
    },
    {
        "CONSUM": 395,
        "FechaHora": "2024-02-28T17:00:00.000"
    },
    {
        "CONSUM": 540,
        "FechaHora": "2024-02-28T18:00:00.000"
    },
    {
        "CONSUM": 435,
        "FechaHora": "2024-02-28T19:00:00.000"
    },
    {
        "CONSUM": 405,
        "FechaHora": "2024-02-28T20:00:00.000"
    },
    {
        "CONSUM": 352,
        "FechaHora": "2024-02-28T21:00:00.000"
    },
    {
        "CONSUM": 179,
        "FechaHora": "2024-02-28T22:00:00.000"
    },
    {
        "CONSUM": 250,
        "FechaHora": "2024-02-28T23:00:00.000"
    },
    {
        "CONSUM": 175,
        "FechaHora": "2024-02-29T00:00:00.000"
    },
    {
        "CONSUM": 175,
        "FechaHora": "2024-02-29T01:00:00.000"
    },
    {
        "CONSUM": 173,
        "FechaHora": "2024-02-29T02:00:00.000"
    },
    {
        "CONSUM": 175,
        "FechaHora": "2024-02-29T03:00:00.000"
    },
    {
        "CONSUM": 176,
        "FechaHora": "2024-02-29T04:00:00.000"
    },
    {
        "CONSUM": 177,
        "FechaHora": "2024-02-29T05:00:00.000"
    },
    {
        "CONSUM": 178,
        "FechaHora": "2024-02-29T06:00:00.000"
    },
    {
        "CONSUM": 177,
        "FechaHora": "2024-02-29T07:00:00.000"
    },
    {
        "CONSUM": 310,
        "FechaHora": "2024-02-29T08:00:00.000"
    },
    {
        "CONSUM": 300,
        "FechaHora": "2024-02-29T09:00:00.000"
    },
    {
        "CONSUM": 430,
        "FechaHora": "2024-02-29T10:00:00.000"
    },
    {
        "CONSUM": 500,
        "FechaHora": "2024-02-29T11:00:00.000"
    },
    {
        "CONSUM": 440,
        "FechaHora": "2024-02-29T12:00:00.000"
    }
]